Start of File,2025-11-20_21-37-58,virtual_volunteer_ios_2.3.0_85
A-123,,20/11/2025 21:37:58 PM
A-124,,20/11/2025 21:47:56 PM
A-125,,20/11/2025 21:49:36 PM
A-126,,20/11/2025 21:50:22 PM
A-127,,20/11/2025 21:51:08 PM
A-128,,20/11/2025 21:52:34 PM
A-129,,20/11/2025 21:53:19 PM
A-130,,20/11/2025 21:54:02 PM
A-131,,20/11/2025 21:55:11 PM
A-132,,20/11/2025 21:56:05 PM
A-133,,20/11/2025 21:56:49 PM
A-134,,20/11/2025 21:57:32 PM
A-135,,20/11/2025 21:58:21 PM
A-136,,20/11/2025 21:59:03 PM
A-137,,20/11/2025 21:59:44 PM
A-138,,20/11/2025 22:00:28 PM
A-139,,20/11/2025 22:01:11 PM
A-140,,20/11/2025 22:02:02 PM
A-141,,20/11/2025 22:02:45 PM
A-142,,20/11/2025 22:03:30 PM
A-143,,20/11/2025 22:04:11 PM
A-144,,20/11/2025 22:04:56 PM
A-145,,20/11/2025 22:05:41 PM
A-146,,20/11/2025 22:06:28 PM
A-147,,20/11/2025 22:07:12 PM
A-148,,20/11/2025 22:07:59 PM
A-149,,20/11/2025 22:08:42 PM
A-150,,20/11/2025 22:09:25 PM
A-151,,20/11/2025 22:10:14 PM
A-152,,20/11/2025 22:10:58 PM
A-153,,20/11/2025 22:11:41 PM
A-154,,20/11/2025 22:12:27 PM
A-155,,20/11/2025 22:13:09 PM
A-156,,20/11/2025 22:13:52 PM
A-157,,20/11/2025 22:14:36 PM
A-158,,20/11/2025 22:15:21 PM
A-159,,20/11/2025 22:16:04 PM
A-160,,20/11/2025 22:16:49 PM
A-161,,20/11/2025 22:17:32 PM
A-162,,20/11/2025 22:18:17 PM
A-163,,20/11/2025 22:18:59 PM
A-164,,20/11/2025 22:19:44 PM
A-165,,20/11/2025 22:20:27 PM
A-166,,20/11/2025 22:21:12 PM
A-167,,20/11/2025 22:21:58 PM
A-168,,20/11/2025 22:22:41 PM
A-169,,20/11/2025 22:23:26 PM
A-170,,20/11/2025 22:24:11 PM
A-171,,20/11/2025 22:24:57 PM
A-172,,20/11/2025 22:25:41 PM
A-173,,20/11/2025 22:26:24 PM
A-174,,20/11/2025 22:27:09 PM
A-175,,20/11/2025 22:27:54 PM
